City_ID,City,Country,Lat,Long,Max Temp,Humidity,Cloudiness,Wind Speed,Current Description
0,Yellowknife,CA,62.456,-114.3525,52.32,87,75,9.22,broken clouds
1,Bambous Virieux,MU,-20.3428,57.7575,73.22,60,75,10.36,broken clouds
2,Hithadhoo,MV,-0.6,73.0833,81.72,70,72,15.88,broken clouds
3,Ushuaia,AR,-54.8,-68.3,37.06,65,20,12.66,few clouds
4,Cape Town,ZA,-33.9258,18.4232,59.38,82,0,4.61,clear sky
5,Kapaa,US,22.0752,-159.319,84.18,75,0,11.5,clear sky
6,Mikuni,JP,36.2171,136.1519,75.11,64,4,4.74,clear sky
7,Rikitea,PF,-23.1203,-134.9692,73.69,73,2,13.78,clear sky
8,East London,ZA,-33.0153,27.9116,63.54,88,20,3.44,few clouds
9,Praya,CV,14.9215,-23.5087,77.54,78,75,9.22,broken clouds
10,Atuona,PF,-9.8,-139.0333,76.95,73,3,17.6,clear sky
11,Punta Arenas,CL,-53.15,-70.9167,37.51,75,0,6.91,clear sky
12,Qaanaaq,GL,77.484,-69.3632,5.68,68,0,7.65,clear sky
13,Samarai,PG,-10.6167,150.6667,83.32,73,31,12.06,scattered clouds
14,Vila Velha,BR,-20.3297,-40.2925,71.55,85,40,3.44,moderate rain
15,Kodiak,US,57.79,-152.4072,53.11,76,100,8.05,overcast clouds
16,Longyearbyen,SJ,78.2186,15.6401,35.44,93,75,2.3,broken clouds
17,Cidreira,BR,-30.1811,-50.2056,56.86,92,4,8.5,clear sky
18,Fuerte Olimpo,PY,-21.0415,-57.8738,70.16,76,4,4.56,clear sky
19,Russell,US,32.3502,-85.1999,69.4,82,0,0.0,clear sky
20,Los Alamos,US,35.8881,-106.307,60.66,60,0,8.05,clear sky
21,Bukachacha,RU,52.9833,116.9167,34.93,46,21,11.1,few clouds
22,Bluff,NZ,-46.6,168.3333,47.8,64,6,7.52,clear sky
23,Algiers,DZ,36.7525,3.042,55.22,82,0,3.44,clear sky
24,Mackay,AU,-21.15,149.2,81.68,66,42,11.48,scattered clouds
25,Carnarvon,AU,-24.8667,113.6333,74.26,53,0,12.19,clear sky
26,Nara,JP,34.6851,135.8049,86.97,42,9,2.39,clear sky
27,New Norfolk,AU,-42.7826,147.0587,62.71,40,82,8.88,broken clouds
28,Cortez,US,37.3489,-108.5859,59.04,79,20,6.91,few clouds
29,Cabo San Lucas,MX,22.8909,-109.9124,83.61,75,57,4.79,broken clouds
30,Camapua,BR,-19.5314,-54.0439,72.05,80,22,5.55,few clouds
31,Bud,US,39.447,-86.1758,61.68,70,0,7.36,clear sky
32,Tasiilaq,GL,65.6145,-37.6368,35.47,99,100,5.73,moderate rain
33,Vanavara,RU,60.34,102.2797,33.89,62,100,7.31,overcast clouds
34,Hermanus,ZA,-34.4187,19.2345,55.36,80,12,8.7,few clouds
35,Saint-Pierre,RE,-21.3393,55.4781,69.3,60,75,8.05,broken clouds
36,Dali,CN,25.7,100.1833,72.21,68,65,1.72,broken clouds
37,Souillac,MU,-20.5167,57.5167,71.98,60,75,10.36,broken clouds
38,Butaritari,KI,3.0707,172.7902,82.22,75,24,15.32,few clouds
39,Sao Filipe,CV,14.8961,-24.4956,77.79,73,25,10.27,scattered clouds
40,Tecoanapa,MX,16.5167,-98.75,76.23,90,67,4.99,broken clouds
41,Georgetown,MY,5.4112,100.3354,85.95,74,20,6.91,few clouds
42,Mbandaka,CD,0.0487,18.2603,69.53,97,88,3.38,overcast clouds
43,Dryden,CA,49.7833,-92.7503,48.49,87,20,5.75,few clouds
44,Torbay,CA,47.6666,-52.7314,54.39,91,100,10.36,overcast clouds
45,Te Anau,NZ,-45.4167,167.7167,44.4,95,84,0.78,broken clouds
46,Port Elizabeth,ZA,-33.918,25.5701,53.31,96,0,3.44,clear sky
47,Trelew,AR,-43.249,-65.3051,50.4,65,100,8.28,overcast clouds
48,Koumac,NC,-20.5667,164.2833,76.5,52,97,8.97,overcast clouds
49,Makakilo City,US,21.3469,-158.0858,82.72,65,100,11.5,overcast clouds
50,Ankazoabo,MG,-22.2833,44.5167,72.68,47,0,2.06,clear sky
51,Chokurdakh,RU,70.6333,147.9167,25.83,68,100,8.52,overcast clouds
52,Puerto Ayora,EC,-0.7393,-90.3518,63.55,99,99,1.99,overcast clouds
53,Bubaque,GW,11.2833,-15.8333,80.15,81,94,11.65,overcast clouds
54,Upernavik,GL,72.7868,-56.1549,20.52,85,16,4.97,few clouds
55,Terrace,CA,54.5163,-128.6035,57.11,100,100,17.27,light rain
56,Jamestown,US,42.097,-79.2353,55.02,69,75,12.66,broken clouds
57,Lahij,YE,13.1667,44.5833,83.64,55,70,3.4,broken clouds
58,Dunedin,NZ,-45.8742,170.5036,49.15,85,98,9.78,overcast clouds
59,Ponta Do Sol,PT,32.6667,-17.1,68.72,79,19,5.28,few clouds
60,Hobart,AU,-42.8794,147.3294,63.05,49,75,16.11,broken clouds
61,Yoichi,JP,43.2039,140.7703,66.94,74,6,6.06,clear sky
62,Fort Nelson,CA,58.8053,-122.7002,60.39,67,75,4.61,broken clouds
63,Norman Wells,CA,65.282,-126.8329,41.04,93,100,12.66,light rain
64,Solano,US,38.2333,-121.9511,66.38,76,0,25.32,clear sky
65,Constitucion,CL,-35.3333,-72.4167,53.44,81,6,4.81,clear sky
66,Firovo,RU,57.4814,33.7021,43.47,95,100,6.4,overcast clouds
67,Tuatapere,NZ,-46.1333,167.6833,52.68,66,19,2.98,few clouds
68,Lavrentiya,RU,65.5833,-171.0,37.08,73,15,9.93,few clouds
69,Mataura,NZ,-46.1927,168.8643,47.48,51,20,2.35,few clouds
70,Port Hardy,CA,50.6996,-127.4199,57.38,88,0,8.05,fog
71,Mandalgovi,MN,45.7625,106.2708,28.0,90,100,17.13,light snow
72,Ciudad Guayana,VE,8.3533,-62.6528,74.05,90,64,3.47,broken clouds
73,Saskylakh,RU,71.9167,114.0833,30.92,96,100,14.27,light snow
74,Seoul,KR,37.5683,126.9778,72.97,62,0,9.22,light rain
75,Sao Joao Da Barra,BR,-21.6403,-41.0511,68.85,86,88,9.78,overcast clouds
76,Ternitz,AT,47.7156,16.0357,53.62,87,80,7.58,broken clouds
77,Nagua,DO,19.3832,-69.8474,76.77,88,33,8.23,scattered clouds
78,Victoria,HK,22.2855,114.1577,89.65,79,11,10.0,few clouds
79,Songea,TZ,-10.6833,35.65,58.17,86,2,2.59,clear sky
80,Hilo,US,19.7297,-155.09,86.29,73,0,5.75,clear sky
81,Andenes,NO,69.3143,16.1194,40.93,87,78,10.36,broken clouds
82,Neepawa,CA,50.2289,-99.4664,48.6,78,100,5.84,overcast clouds
83,Jaisalmer,IN,26.9147,70.9181,83.84,46,0,17.22,clear sky
84,Port Lincoln,AU,-34.7333,135.8667,66.76,57,100,7.43,overcast clouds
85,Vaini,TO,-21.2,-175.2,78.96,78,40,8.05,scattered clouds
86,Usinsk,RU,65.9939,57.5281,38.52,97,100,14.2,overcast clouds
87,Wajir,KE,1.7471,40.0573,73.36,60,0,5.75,clear sky
88,Busselton,AU,-33.65,115.3333,61.86,53,95,12.3,overcast clouds
89,Saint Anthony,US,45.0205,-93.218,60.58,76,40,9.22,scattered clouds
90,College,US,64.8569,-147.8028,46.38,76,75,0.0,broken clouds
91,Ancud,CL,-41.8697,-73.8203,44.42,69,100,5.01,overcast clouds
92,Pangody,RU,65.85,74.4859,32.5,61,100,15.41,overcast clouds
93,Port Alfred,ZA,-33.5906,26.891,60.84,84,68,4.65,broken clouds
94,Balaipungut,ID,1.05,101.2833,77.04,93,100,3.29,overcast clouds
95,Camabatela,AO,-8.1881,15.375,63.21,96,99,4.76,light rain
96,Geraldton,AU,-28.7667,114.6,75.61,46,6,11.5,clear sky
97,Marawi,PH,7.9986,124.2928,83.07,61,97,3.78,overcast clouds
98,Teya,RU,60.3778,92.6267,32.04,66,100,7.11,overcast clouds
99,Kristiansund,NO,63.1115,7.732,50.65,93,75,4.61,broken clouds
100,Jumla,NP,29.2747,82.1838,66.29,63,56,2.71,broken clouds
101,Margate,GB,51.3813,1.3862,56.88,88,100,1.99,overcast clouds
102,Dicabisagan,PH,17.0818,122.4157,81.23,83,100,5.77,overcast clouds
103,Clifton,US,40.8584,-74.1638,60.84,77,100,8.05,overcast clouds
104,Mount Gambier,AU,-37.8333,140.7667,65.48,58,100,8.95,overcast clouds
105,Gilbues,BR,-9.8317,-45.3439,77.52,38,7,5.37,clear sky
106,Maryville,US,35.7565,-83.9705,59.02,86,100,3.44,overcast clouds
107,Xam Nua,LA,20.4197,104.0439,69.44,99,100,1.39,overcast clouds
108,Cerrito,CO,6.8432,-72.694,50.5,91,57,3.85,moderate rain
109,Bilma,NE,18.6853,12.9164,86.77,22,5,7.94,clear sky
110,Zaysan,KZ,47.4667,84.8667,38.62,35,0,5.93,clear sky
111,Sanok,PL,49.5557,22.2056,50.43,100,96,12.35,overcast clouds
112,Dikson,RU,73.5069,80.5464,33.98,92,100,10.98,overcast clouds
113,Dongsheng,CN,39.8161,109.9776,69.35,57,27,7.58,scattered clouds
114,Nikolskoye,RU,59.7035,30.7861,42.69,95,100,2.95,overcast clouds
115,Peniche,PT,39.3558,-9.3811,59.45,83,8,12.33,clear sky
116,Thompson,CA,55.7435,-97.8558,42.96,65,20,4.61,few clouds
117,Chaihe,CN,44.7667,129.7,72.73,54,72,9.53,broken clouds
118,Klaksvik,FO,62.2266,-6.589,50.92,82,100,26.93,overcast clouds
119,Vila Do Maio,CV,15.1333,-23.2167,77.79,75,100,10.6,overcast clouds
120,Kirando,TZ,-7.4167,30.6,75.02,59,43,5.28,scattered clouds
121,Kholodnyy,RU,62.7167,147.95,26.02,62,98,2.86,overcast clouds
122,Sabha,LY,27.0377,14.4283,82.18,20,0,10.71,clear sky
123,Luklukan,PH,14.3254,122.7124,81.05,86,100,4.72,moderate rain
124,Pacific Grove,US,36.6177,-121.9166,62.02,86,100,8.05,overcast clouds
125,Marsh Harbour,BS,26.5412,-77.0636,81.34,75,3,2.39,clear sky
126,Nacogdoches,US,31.6002,-94.6335,62.24,65,0,0.0,clear sky
127,Narsaq,GL,60.9167,-46.05,35.82,87,100,5.06,overcast clouds
128,Saldanha,ZA,-33.0117,17.9442,44.65,76,27,1.3,scattered clouds
129,Vaitape,PF,-16.5167,-151.75,78.49,68,50,13.11,scattered clouds
130,Tuktoyaktuk,CA,69.4541,-133.0374,28.4,86,100,16.11,light snow
131,Okato,NZ,-39.2,173.8833,57.69,92,91,11.12,overcast clouds
132,Albany,US,42.6001,-73.9662,55.81,77,39,1.01,scattered clouds
133,Necochea,AR,-38.5473,-58.7368,50.67,89,0,8.08,clear sky
134,Wanaka,NZ,-44.7,169.15,43.2,94,84,1.28,broken clouds
135,Alta Floresta,BR,-9.8756,-56.0861,76.98,62,67,3.49,moderate rain
136,Nome,US,64.5011,-165.4064,44.67,70,0,4.61,clear sky
137,Vardo,NO,70.3705,31.1107,37.38,87,100,2.3,overcast clouds
138,Berlevag,NO,70.8578,29.0864,35.6,87,40,11.5,scattered clouds
139,San Jose,US,37.3394,-121.895,64.87,79,20,8.05,few clouds
140,Candelaria,PH,13.9311,121.4233,85.39,68,86,8.59,overcast clouds
141,Visby,SE,57.6409,18.296,50.22,93,100,8.05,overcast clouds
142,Iqaluit,CA,63.7506,-68.5145,26.33,86,20,17.27,few clouds
143,Hildesheim,DE,52.1508,9.9511,54.99,92,2,12.68,clear sky
144,Vao,NC,-22.6667,167.4833,70.72,70,83,8.79,broken clouds
145,Dobsina,SK,48.8207,20.3699,50.95,91,52,3.11,broken clouds
146,Surt,LY,31.2089,16.5887,78.26,82,59,14.9,broken clouds
147,Chapais,CA,49.7834,-74.8492,29.98,86,9,5.06,clear sky
148,Miles City,US,46.4083,-105.8406,54.57,94,100,11.5,overcast clouds
149,Ribeira Grande,PT,38.5167,-28.7,71.87,90,100,26.19,moderate rain
150,Tucurui,BR,-3.7661,-49.6725,75.63,78,80,4.36,broken clouds
151,Santiago,CL,-33.4569,-70.6483,65.25,65,0,8.05,clear sky
152,Leningradskiy,RU,69.3833,178.4167,28.44,78,100,7.0,overcast clouds
153,Deputatskiy,RU,69.3,139.9,13.89,93,68,2.71,broken clouds
154,Tiksi,RU,71.6872,128.8694,22.08,85,99,16.64,overcast clouds
155,Muscat,OM,23.6139,58.5922,87.82,59,0,0.56,clear sky
156,Klyuchi,RU,52.2667,79.1667,39.52,54,7,5.44,clear sky
157,Barrow,US,71.2906,-156.7887,28.42,74,100,11.5,overcast clouds
158,Castro,BR,-24.7911,-50.0119,55.06,95,4,1.43,clear sky
159,La Brea,HN,15.8,-85.9667,73.94,92,100,2.89,overcast clouds
160,Kashan,IR,33.9831,51.4364,70.79,42,0,7.56,clear sky
161,Tibati,CM,6.4667,12.6333,65.41,99,98,2.04,moderate rain
162,Mao,ES,39.8885,4.2658,63.16,82,0,4.61,clear sky
163,Biak,ID,-0.9131,122.8766,85.77,57,85,1.66,overcast clouds
164,Luderitz,NA,-26.6481,15.1594,57.65,69,0,9.69,clear sky
165,Lebu,CL,-37.6167,-73.65,50.09,87,86,3.58,overcast clouds
166,Port Macquarie,AU,-31.4333,152.9167,63.9,62,59,8.9,broken clouds
167,Saint George,US,37.1041,-113.5841,80.94,32,0,7.0,clear sky
168,Plettenberg Bay,ZA,-34.0527,23.3716,57.36,84,22,3.83,few clouds
169,Pangnirtung,CA,66.1451,-65.7125,29.8,49,0,4.0,clear sky
170,Berbera,SO,10.4396,45.0143,88.5,61,27,2.06,scattered clouds
171,Kieta,PG,-6.2167,155.6333,83.71,69,14,3.94,light rain
172,Troitsko-Pechorsk,RU,62.7084,56.1964,41.47,91,100,8.12,overcast clouds
173,Tuni,IN,17.35,82.55,80.64,81,100,1.28,overcast clouds
174,Viesca,MX,25.35,-102.8,72.48,42,100,8.23,overcast clouds
175,Moose Factory,CA,51.2585,-80.6094,32.0,93,0,4.61,clear sky
176,Egvekinot,RU,66.3167,-179.1667,28.04,75,98,4.79,overcast clouds
177,Ilulissat,GL,69.2167,-51.1,30.22,74,99,0.0,overcast clouds
178,Kenai,US,60.5544,-151.2583,49.03,81,100,4.61,overcast clouds
179,Airai,TL,-8.9266,125.4092,72.61,68,59,2.04,broken clouds
180,Sorland,NO,67.667,12.6934,49.86,73,97,9.64,overcast clouds
181,Kaitangata,NZ,-46.2817,169.8464,53.8,65,54,7.05,broken clouds
182,Alexander City,US,32.944,-85.9539,64.18,59,0,3.44,clear sky
183,Chuy,UY,-33.6971,-53.4616,52.52,93,79,2.59,broken clouds
184,Mahebourg,MU,-20.4081,57.7,73.26,60,75,10.36,broken clouds
185,Belaya Gora,RU,68.5333,146.4167,27.61,67,98,4.05,overcast clouds
186,Easton,US,40.6884,-75.2207,58.17,83,100,11.5,overcast clouds
187,Avarua,CK,-21.2078,-159.775,73.45,60,20,13.8,few clouds
188,Kushima,JP,31.4583,131.2333,81.09,59,12,8.23,few clouds
189,Shiloh,US,38.5614,-89.8973,61.09,62,0,4.61,clear sky
190,Richards Bay,ZA,-28.783,32.0377,69.01,82,100,7.56,overcast clouds
191,Shimoda,JP,34.6667,138.95,79.16,57,30,10.56,scattered clouds
192,Maceio,BR,-9.6658,-35.7353,71.04,88,0,3.44,clear sky
193,Hami,CN,42.8,93.45,50.54,16,95,6.69,overcast clouds
194,Axim,GH,4.8699,-2.2405,74.89,92,71,6.55,light rain
195,Meghri,AM,38.9029,46.2446,64.67,45,2,3.11,clear sky
196,Sile,TR,41.1754,29.6133,83.07,54,100,8.99,overcast clouds
197,Belmonte,BR,-15.8631,-38.8828,73.27,88,83,8.05,broken clouds
198,Burns Lake,CA,54.2331,-125.7533,65.62,57,33,6.64,scattered clouds
199,Ruwi,OM,23.5996,58.5507,87.49,58,0,1.01,clear sky
200,Aykhal,RU,66.0,111.5,24.85,91,100,15.3,overcast clouds
201,Koppies,ZA,-27.2418,27.5742,62.1,32,20,5.21,few clouds
202,Hofn,IS,64.2539,-15.2082,47.01,83,100,7.45,overcast clouds
203,Dasoguz,TM,41.8363,59.9666,46.35,36,0,9.22,clear sky
204,Ca Mau,VN,9.1769,105.15,78.98,88,100,5.1,overcast clouds
205,Sambava,MG,-14.2667,50.1667,70.59,73,76,10.22,broken clouds
206,Yeppoon,AU,-23.1333,150.7333,76.78,70,85,11.01,overcast clouds
207,Coloncito,VE,8.3256,-72.0895,75.79,77,76,2.77,broken clouds
208,Ahuimanu,US,21.4447,-157.8378,83.91,67,0,11.5,light rain
209,Zalantun,CN,48.0,122.7167,53.08,72,100,11.77,moderate rain
210,Qasigiannguit,GL,68.8193,-51.1922,30.45,82,100,4.07,overcast clouds
211,Wattegama,LK,6.7989,81.4808,89.15,46,99,8.19,overcast clouds
212,Yei,SS,4.095,30.6779,65.62,93,80,2.26,broken clouds
213,Baiyin,CN,36.5583,104.2081,62.04,26,53,15.48,broken clouds
214,Bukene,TZ,-4.2333,32.8833,67.42,58,76,6.71,broken clouds
215,Saint-Philippe,RE,-21.3585,55.7679,69.22,74,55,11.56,broken clouds
216,Nuuk,GL,64.1835,-51.7216,36.21,87,20,5.75,few clouds
217,Moron,AR,-34.6534,-58.6198,62.35,85,51,4.94,broken clouds
218,Cienfuegos,CU,22.1461,-80.4356,73.54,88,50,2.3,scattered clouds
219,Severodvinsk,RU,64.5635,39.8302,39.31,94,40,3.87,scattered clouds
220,Camacha,PT,33.0833,-16.3333,65.62,73,20,8.05,few clouds
221,Kerema,PG,-7.9631,145.7785,84.09,75,100,11.16,overcast clouds
222,Nanortalik,GL,60.1432,-45.2371,39.43,78,100,2.33,overcast clouds
223,Fairbanks,US,64.8378,-147.7164,46.4,77,100,0.0,overcast clouds
224,Tilichiki,RU,60.4667,166.1,35.44,85,97,6.58,overcast clouds
225,Sarh,TD,9.1429,18.3923,72.05,93,95,4.23,overcast clouds
226,Bredasdorp,ZA,-34.5322,20.0403,50.32,90,20,4.14,few clouds
227,Poya,NC,-21.35,165.15,76.73,54,56,7.87,broken clouds
228,Kayerkan,RU,69.3497,87.7602,26.53,100,100,6.62,overcast clouds
229,Wakkanai,JP,45.4094,141.6739,60.78,63,75,13.8,broken clouds
230,Asau,RO,46.4333,26.4,63.52,67,100,11.59,overcast clouds
231,Taoudenni,ML,22.6783,-3.9836,86.25,26,78,8.01,broken clouds
232,Chimore,BO,-16.9833,-65.1333,69.76,69,32,3.09,scattered clouds
233,Cabatuan,PH,10.8794,122.486,87.08,68,97,10.16,overcast clouds
234,Filadelfia,US,39.9523,-75.1638,60.22,95,100,14.97,overcast clouds
235,Ayorou,NE,14.7308,0.9174,83.5,59,79,8.61,broken clouds
236,Rawson,AR,-43.3002,-65.1023,50.0,69,100,8.23,overcast clouds
237,Bol,TD,13.4586,14.7147,83.52,62,15,6.26,few clouds
238,Esperance,AU,-33.8667,121.9,60.64,70,100,19.3,overcast clouds
239,Ouesso,CG,1.6136,16.0517,68.45,98,100,1.99,overcast clouds
240,Kununurra,AU,-15.7667,128.7333,76.98,78,40,4.61,light rain
241,Comodoro Rivadavia,AR,-45.8667,-67.5,46.26,76,0,2.3,clear sky
242,Anadyr,RU,64.75,177.4833,41.5,65,20,4.47,few clouds
243,Clyde River,CA,70.4692,-68.5914,25.03,86,0,5.75,clear sky
244,Waingapu,ID,-9.6567,120.2641,86.81,62,76,9.37,broken clouds
245,Le Portel,FR,50.7056,1.5757,58.69,87,100,12.39,light rain
246,Bahia Blanca,AR,-38.7196,-62.2724,55.24,65,48,8.5,scattered clouds
247,Road Town,VG,18.4167,-64.6167,82.49,78,79,12.75,broken clouds
248,Kuching,MY,1.55,110.3333,79.02,94,40,2.3,scattered clouds
249,Sitka,US,57.0531,-135.33,51.69,71,20,4.61,few clouds
250,Tautira,PF,-17.7333,-149.15,77.58,71,82,8.97,broken clouds
251,Katsuura,JP,35.1333,140.3,77.23,57,67,11.01,broken clouds
252,Sistranda,NO,63.7256,8.834,48.16,81,100,6.69,light rain
253,Cockburn Town,TC,21.4612,-71.1419,82.99,79,94,17.98,overcast clouds
254,Pevek,RU,69.7008,170.3133,33.17,81,100,3.83,overcast clouds
255,Kita,ML,13.0349,-9.4895,73.22,84,97,1.63,overcast clouds
256,San Angelo,US,31.4638,-100.437,72.41,37,0,5.75,clear sky
257,Sobolevo,RU,54.4299,31.8996,42.49,96,84,2.33,broken clouds
258,Kilindoni,TZ,-7.9139,39.6668,74.08,76,5,4.56,light rain
259,Hamilton,US,39.1834,-84.5333,62.82,51,0,8.05,clear sky
260,Yumen,CN,40.2833,97.2,43.07,14,100,19.98,overcast clouds
261,Hasaki,JP,35.7333,140.8333,86.29,57,50,10.74,scattered clouds
262,Nelson Bay,AU,-32.7167,152.15,66.0,61,20,7.0,few clouds
263,Nantucket,US,41.2835,-70.0995,62.71,94,100,20.71,moderate rain
264,Ostrovnoy,RU,68.0531,39.5131,35.87,88,100,9.73,overcast clouds
265,Khatanga,RU,71.9667,102.5,22.95,96,100,10.92,overcast clouds
266,Oktyabrskoye,RU,43.0645,44.7417,46.54,93,60,6.71,broken clouds
267,Basse,DE,52.5518,9.5069,55.53,93,75,12.66,broken clouds
268,Arraial Do Cabo,BR,-22.9661,-42.0278,67.6,87,36,16.11,scattered clouds
269,Panguna,PG,-6.3164,155.4848,76.46,76,41,0.47,light rain
270,Tagusao,PH,9.1924,117.8141,86.43,65,84,6.35,broken clouds
271,Cherskiy,RU,68.75,161.3,32.02,97,100,2.44,light snow
272,Faanui,PF,-16.4833,-151.75,78.48,68,50,13.2,scattered clouds
273,Manbij,SY,36.5281,37.9549,72.18,25,0,8.93,clear sky
274,Langham,CA,52.3668,-106.9679,57.04,57,0,8.32,clear sky
275,Salinopolis,BR,-0.6136,-47.3561,78.75,82,22,10.4,few clouds
276,Severo-Kurilsk,RU,50.6789,156.125,46.9,64,50,26.84,scattered clouds
277,Kastrakion,GR,39.7156,21.6181,63.01,80,6,6.17,clear sky
278,Neiafu,TO,-18.65,-173.9833,81.28,65,20,11.5,few clouds
279,Mayor Pablo Lagerenza,PY,-19.9309,-60.7718,72.84,56,7,5.06,clear sky
280,Huarmey,PE,-10.0681,-78.1522,61.86,86,27,8.95,scattered clouds
281,Srednekolymsk,RU,67.45,153.6833,29.95,70,100,8.55,overcast clouds
282,Kamaishi,JP,39.2667,141.8833,73.76,67,0,7.78,clear sky
283,Natal,BR,-5.795,-35.2094,77.22,83,20,4.61,few clouds
284,Kahului,US,20.8947,-156.47,84.22,70,0,14.97,clear sky
285,Guerrero Negro,MX,27.9769,-114.0611,69.33,76,0,14.03,clear sky
286,Ialibu,PG,-6.2821,143.9935,73.38,49,99,5.79,overcast clouds
287,Coahuayana,MX,18.7333,-103.6833,76.42,91,99,3.47,overcast clouds
288,Sananduva,BR,-27.9497,-51.8067,50.07,96,0,4.0,clear sky
289,Juneau,US,58.3019,-134.4197,51.8,88,75,0.0,broken clouds
290,Vestmannaeyjar,IS,63.4427,-20.2734,47.19,83,100,36.01,overcast clouds
291,Pemangkat,ID,1.1667,108.9667,82.26,73,97,3.58,moderate rain
292,Oranjestad,AW,12.524,-70.027,82.35,83,20,5.75,few clouds
293,Sibu,MY,2.3,111.8167,75.51,94,40,5.75,scattered clouds
294,Helong,CN,42.5397,128.9972,71.28,58,100,4.12,moderate rain
295,Sarangani,PH,5.4033,125.4636,83.52,77,94,17.69,very heavy rain
296,Bulakamba,ID,-6.8748,108.9559,87.24,62,85,4.43,overcast clouds
297,Mar Del Plata,AR,-38.0023,-57.5575,58.08,84,0,8.05,clear sky
298,Sundsvall,SE,62.3913,17.3063,46.96,99,100,0.0,fog
299,Luocheng,CN,29.3848,104.0286,76.96,78,99,0.69,overcast clouds
300,Gat,IL,31.61,34.7642,76.41,89,0,4.29,clear sky
301,Takoradi,GH,4.8845,-1.7554,74.21,93,89,6.69,overcast clouds
302,Tome,CL,-36.6167,-72.95,52.41,69,31,4.36,scattered clouds
303,San Patricio,US,28.017,-97.5169,78.84,57,0,7.02,clear sky
304,Saint-Francois,FR,46.4154,3.9054,60.24,100,75,2.3,broken clouds
305,Vostok,RU,46.4856,135.8833,62.56,48,27,5.44,scattered clouds
306,Atambua,ID,-9.1061,124.8925,83.66,63,39,4.54,scattered clouds
307,Marzuq,YE,14.4,46.4667,76.41,38,14,2.64,few clouds
308,Pilot Butte,CA,50.4668,-104.4178,53.65,68,75,9.22,broken clouds
309,Komatipoort,ZA,-25.4332,31.9548,69.04,84,26,3.85,scattered clouds
310,Auki,SB,-8.7676,160.7034,83.12,71,41,1.23,scattered clouds
311,Seydi,TM,39.4816,62.9137,58.35,16,3,11.36,clear sky
312,Quelimane,MZ,-17.8786,36.8883,69.75,94,0,0.0,clear sky
313,Bathsheba,BB,13.2167,-59.5167,80.89,80,14,14.07,few clouds
314,Isparta,TR,38.0,31.0,64.87,47,37,6.31,scattered clouds
315,Gorshechnoye,RU,51.5244,38.0365,55.8,86,86,4.9,overcast clouds
316,Kashi,CN,39.4547,75.9797,63.61,31,20,2.24,dust
317,Bijar,IR,35.8668,47.6051,52.16,48,0,5.03,clear sky
318,Korgen,NO,66.0771,13.8153,48.18,91,98,3.4,overcast clouds
319,Hervey Bay,AU,-25.2986,152.8535,64.02,89,47,14.0,scattered clouds
320,Dwarka,IN,22.2394,68.9678,82.6,64,1,10.0,clear sky
321,Kindu,CD,-2.95,25.95,66.43,98,97,3.22,overcast clouds
322,Meulaboh,ID,4.1363,96.1285,83.05,70,100,7.25,overcast clouds
323,Caravelas,BR,-17.7125,-39.2481,70.32,82,55,5.06,broken clouds
324,Nguru,NG,12.8791,10.4526,80.56,62,43,9.44,scattered clouds
325,Aqtobe,KZ,50.2797,57.2072,42.89,39,0,8.95,clear sky
326,Ayan,RU,56.45,138.1667,41.56,55,100,5.46,overcast clouds
327,Vicosa,BR,-20.7539,-42.8819,65.19,97,82,3.0,broken clouds
328,Lagos,NG,6.5833,3.75,77.32,95,92,2.77,overcast clouds
329,Maniitsoq,GL,65.4167,-52.9,34.36,70,52,5.79,broken clouds
330,Luwuk,ID,-0.9516,122.7875,88.7,56,81,3.2,broken clouds
331,Bereda,ES,43.2686,-7.5406,56.14,100,100,2.06,overcast clouds
332,Khandyga,RU,62.6667,135.6,32.56,55,96,4.43,overcast clouds
333,Port Blair,IN,11.6667,92.75,86.04,79,40,11.5,scattered clouds
334,Maksatikha,RU,57.797,35.8825,45.23,95,100,7.43,overcast clouds
335,Ucluelet,CA,48.9329,-125.5528,57.09,86,5,2.44,clear sky
336,Gerede,TR,40.8008,32.1969,58.41,52,75,7.0,broken clouds
337,Ferme-Neuve,CA,46.7001,-75.4493,36.48,73,7,6.62,clear sky
338,Lorengau,PG,-2.0226,147.2712,83.89,73,45,9.6,scattered clouds
339,Bethel,US,41.3712,-73.414,59.85,60,100,3.0,overcast clouds
340,Alanya,TR,36.5438,31.9998,82.4,42,6,6.69,clear sky
341,Katsina,NG,12.9894,7.6006,77.49,68,34,8.03,scattered clouds
342,La Ronge,CA,55.1001,-105.2842,55.65,67,0,8.05,clear sky
343,Bonfim,BR,3.0833,-59.95,77.9,75,86,2.24,overcast clouds
344,Baruun-Urt,MN,46.6806,113.2792,30.24,67,100,20.04,light snow
345,Calabozo,VE,8.9242,-67.4293,74.03,93,97,1.54,overcast clouds
346,Ron Phibun,TH,8.1791,99.8542,91.71,53,100,7.92,overcast clouds
347,Am Timan,TD,11.0297,20.2827,73.2,86,3,4.14,clear sky
348,Beringovskiy,RU,63.05,179.3167,40.42,89,100,15.79,light rain
349,Briancon,FR,44.9,6.65,54.36,96,82,6.6,broken clouds
350,West Wendover,US,40.7391,-114.0733,61.81,36,0,0.0,clear sky
351,Los Llanos De Aridane,ES,28.6585,-17.9182,65.95,79,75,8.05,broken clouds
352,Kapiri Mposhi,ZM,-13.9652,28.6809,63.97,41,0,8.21,clear sky
353,Haines Junction,CA,60.7522,-137.5108,46.35,53,100,2.3,overcast clouds
354,Black River,JM,18.0264,-77.8487,77.18,85,99,3.85,overcast clouds
355,Bonoua,CI,5.2741,-3.595,76.62,95,97,4.12,light rain
356,Balugaon,IN,20.1667,85.1,85.14,75,68,2.98,broken clouds
357,Eenhana,NA,-17.4667,16.3333,64.58,21,0,3.24,clear sky
358,Bengkulu,ID,-3.8004,102.2655,80.92,79,100,4.83,light rain
359,Hirtshals,DK,57.5881,9.9592,54.28,82,9,20.67,clear sky
360,Norman,US,35.2226,-97.4395,70.21,45,0,1.99,clear sky
361,Eyl,SO,7.9803,49.8164,77.74,75,93,17.11,overcast clouds
362,Aksarka,RU,66.5606,67.7975,32.74,90,100,13.71,overcast clouds
363,Rio Grande,BR,-32.035,-52.0986,56.35,93,4,7.72,clear sky
364,Lourdes,FR,43.1,-0.05,49.53,93,0,3.44,clear sky
365,Laa,SL,8.0797,-10.7732,70.86,100,100,1.66,light rain
366,Laredo,US,27.5064,-99.5075,77.29,53,0,12.66,clear sky
367,Puebla,MX,18.8333,-98.0,58.3,70,61,6.4,broken clouds
368,Zholymbet,KZ,51.7433,71.7122,35.8,53,5,7.65,clear sky
369,Jibuti,DJ,11.5,42.5,80.33,63,2,7.05,clear sky
370,Tayga,RU,56.06,85.6197,36.52,63,25,2.35,scattered clouds
371,Bilibino,RU,68.0546,166.4372,33.6,75,100,1.54,overcast clouds
372,Cua,VE,10.1589,-66.8858,79.59,93,81,2.57,broken clouds
373,Christchurch,NZ,-43.5333,172.6333,53.33,58,75,13.8,broken clouds
374,Buala,SB,-8.145,159.5921,84.25,68,31,3.83,light rain
375,Dingle,PH,10.9995,122.6711,87.19,69,99,8.88,overcast clouds
376,Komsomolskiy,UZ,40.4272,71.7189,61.52,31,62,4.61,broken clouds
377,Jiangyou,CN,31.7667,104.7167,73.47,83,92,3.6,overcast clouds
378,Blagoyevo,RU,63.3667,47.9167,42.28,97,100,3.2,light rain
379,Paris,FR,48.8534,2.3488,62.19,95,100,8.05,light intensity drizzle
380,Nampula,MZ,-15.1165,39.2666,66.15,94,0,0.0,clear sky
381,San Quintin,MX,30.4833,-115.95,67.87,77,0,12.35,clear sky
382,Along,IN,28.1667,94.7667,86.23,53,39,1.95,scattered clouds
383,Alappuzha,IN,9.49,76.3264,84.0,77,97,2.71,overcast clouds
384,Camiri,BO,-20.05,-63.5167,64.4,65,4,2.71,clear sky
385,Uribia,CO,11.7139,-72.266,81.54,78,62,3.29,broken clouds
386,Coquimbo,CL,-29.9533,-71.3436,55.13,87,100,2.3,overcast clouds
387,Wembley,AU,-31.9333,115.8,69.69,54,75,14.97,broken clouds
388,Coihaique,CL,-45.5752,-72.0662,45.21,81,0,2.3,clear sky
389,Tanuma,JP,36.3667,139.5833,83.55,30,42,3.89,scattered clouds
390,Raudeberg,NO,61.9875,5.1352,49.87,42,26,14.67,scattered clouds
391,Xinyu,CN,27.8043,114.9334,98.64,33,0,10.51,clear sky
392,Bonavista,CA,48.6499,-53.1147,51.08,62,100,15.48,overcast clouds
393,Lompoc,US,34.6391,-120.4579,63.93,89,0,3.44,clear sky
394,Volosovo,RU,59.4333,29.4833,40.06,95,99,3.49,overcast clouds
395,Kavaratti,IN,10.5669,72.642,81.43,76,77,11.1,broken clouds
396,Tukan,RU,53.8409,57.4552,37.83,83,98,3.89,overcast clouds
397,Kasongo-Lunda,CD,-6.4667,16.8167,70.43,97,100,1.63,overcast clouds
398,Naze,JP,28.3667,129.4833,83.32,64,49,12.82,scattered clouds
399,Kota Kinabalu,MY,5.9749,116.0724,89.58,74,20,5.99,few clouds
400,Chernyshevskiy,RU,63.0128,112.4714,29.3,66,86,5.97,overcast clouds
401,Umkomaas,ZA,-30.2067,30.7978,67.6,87,100,2.66,overcast clouds
402,Lazaro Cardenas,MX,17.9583,-102.2,77.45,85,87,1.48,overcast clouds
403,Malindi,KE,-3.2175,40.1191,75.29,73,35,11.12,scattered clouds
404,Leninskoye,KZ,41.7589,69.3864,60.57,24,0,6.15,clear sky
405,Sao Domingos Do Prata,BR,-19.865,-42.9683,64.04,92,70,1.7,broken clouds
406,Flinders,AU,-34.5833,150.8552,61.25,63,34,7.7,scattered clouds
407,Aleksandrovka,UA,46.8383,32.7612,67.17,78,100,12.91,light rain
408,Norcasia,CO,5.5778,-74.8852,67.69,92,35,2.46,scattered clouds
409,Independence,US,39.0911,-94.4155,65.19,57,0,4.61,clear sky
410,Colares,PT,38.7992,-9.4469,68.9,76,7,15.99,clear sky
411,Praia Da Vitoria,PT,38.7333,-27.0667,72.75,88,20,20.18,few clouds
412,Pontes E Lacerda,BR,-15.2261,-59.3353,75.85,63,22,2.44,few clouds
413,Lubliniec,PL,50.669,18.6844,51.89,87,93,14.94,overcast clouds
414,Zomin,UZ,39.9606,68.3958,57.67,23,6,3.67,clear sky
415,Oudtshoorn,ZA,-33.5907,22.2014,48.56,79,51,2.3,broken clouds
416,Yarim,YE,14.298,44.3779,57.49,55,3,2.44,clear sky
417,Landerneau,FR,48.4525,-4.2525,62.78,100,100,17.27,overcast clouds
418,Solnechnyy,RU,50.7214,136.6319,50.81,68,100,9.73,overcast clouds
419,Belmopan,BZ,17.25,-88.7667,75.58,90,97,2.75,overcast clouds
420,Fonte Boa,BR,-2.4959,-66.2662,72.52,99,94,2.04,overcast clouds
421,Bukama,CD,-9.2,25.85,72.84,47,95,1.45,overcast clouds
422,Pauini,BR,-7.7136,-66.9764,75.4,71,97,1.52,overcast clouds
423,Murgab,TM,37.4966,61.9714,51.67,58,0,4.61,clear sky
424,Zabol,AF,32.25,67.25,67.24,14,0,1.68,clear sky
425,Broken Hill,AU,-31.95,141.4333,71.51,27,63,11.36,broken clouds
426,Hobyo,SO,5.3505,48.5268,77.11,79,9,18.45,clear sky
427,Provideniya,RU,64.3833,-173.3,38.84,74,64,12.35,broken clouds
428,Talnakh,RU,69.4865,88.3972,27.21,93,100,5.7,overcast clouds
429,Inirida,CO,3.8653,-67.9239,71.98,99,100,2.55,moderate rain
430,Isla Vista,US,34.4133,-119.861,64.99,81,4,3.02,clear sky
431,Lakatoro,VU,-16.0999,167.4164,82.65,67,20,2.06,few clouds
432,Vanimo,PG,-2.6741,141.3028,85.82,64,100,10.65,overcast clouds
433,Kondopoga,RU,62.2057,34.2614,40.69,95,85,2.75,overcast clouds
434,Floresta,BR,-8.6011,-38.5686,69.76,66,4,10.36,clear sky
435,Nouadhibou,MR,20.931,-17.0347,67.98,83,0,14.97,clear sky
436,Korla,CN,41.7597,86.1469,55.99,16,98,16.8,overcast clouds
437,Arinos,BR,-15.9169,-46.1056,75.4,60,2,0.58,clear sky
438,Labuhan,ID,-6.8844,112.2051,88.57,56,96,1.32,overcast clouds
439,Ekhabi,RU,53.5102,142.9671,49.8,45,96,11.14,overcast clouds
440,Puerto Del Rosario,ES,28.5004,-13.8627,71.35,88,40,11.5,scattered clouds
441,Cap Malheureux,MU,-19.9842,57.6142,74.46,52,19,8.99,few clouds
442,Kuusankoski,FI,60.907,26.6244,42.42,99,0,4.61,clear sky
443,Yakeshi,CN,49.2833,120.7333,43.54,35,100,13.42,overcast clouds
444,Carutapera,BR,-1.195,-46.02,78.51,80,32,8.63,scattered clouds
445,Salvador,SV,13.8333,-88.9167,71.06,98,100,0.58,overcast clouds
446,Kavieng,PG,-2.5744,150.7967,84.47,69,39,10.29,scattered clouds
447,Ithaca,US,42.4406,-76.4966,59.09,89,100,5.75,overcast clouds
448,Ahipara,NZ,-35.1667,173.1667,61.12,91,79,13.06,broken clouds
449,Orlik,RU,52.5178,99.825,24.85,41,59,4.5,broken clouds
450,Batagay-Alyta,RU,67.8006,130.4114,19.69,73,72,2.37,broken clouds
451,Kaeo,NZ,-35.1,173.7833,61.11,94,45,13.42,scattered clouds
452,Lagoa,PT,39.05,-27.9833,71.06,86,96,27.4,overcast clouds
453,Ettaiyapuram,IN,9.1441,77.9907,85.66,45,99,11.1,overcast clouds
454,Mpanda,TZ,-6.3655,31.0409,69.35,55,37,4.56,scattered clouds
455,Simao,CN,22.7886,100.9748,70.59,92,100,1.88,overcast clouds
456,Pulivendla,IN,14.4167,78.2333,81.0,69,88,17.87,overcast clouds
457,Nerchinskiy Zavod,RU,51.3088,119.61,39.56,33,99,13.87,overcast clouds
458,Upington,ZA,-28.4478,21.2561,48.58,31,2,5.75,clear sky
459,Sucua,EC,-2.4667,-78.1667,63.88,97,23,4.07,few clouds
460,Jamame,SO,0.0722,42.7506,76.89,77,78,9.48,broken clouds
461,Mattru,SL,7.6244,-11.8332,71.82,98,95,2.1,light rain
462,Viedma,AR,-40.8135,-62.9967,48.36,71,4,9.82,clear sky
463,Souris,CA,49.6172,-100.2612,48.06,76,93,8.12,overcast clouds
464,Corpus Christi,US,27.8006,-97.3964,78.98,64,0,1.99,clear sky
465,Kutulik,RU,53.3508,102.7839,34.81,51,99,14.09,overcast clouds
466,Antalaha,MG,-14.9003,50.2788,70.11,80,54,7.43,light rain
467,Evensk,RU,61.95,159.2333,35.31,78,98,6.2,overcast clouds
468,Krasnooktyabrskiy,RU,44.9328,38.3712,63.25,71,99,4.18,overcast clouds
469,Sangar,RU,63.9242,127.4739,29.75,64,99,1.97,overcast clouds
470,Corn Island,NI,12.1694,-83.0418,82.22,78,100,9.31,overcast clouds
471,Liwale,TZ,-9.7667,37.9333,64.08,88,0,0.74,clear sky
472,Kutum,SD,14.2,24.6667,74.44,56,8,2.21,clear sky
473,Maragogi,BR,-9.0122,-35.2225,73.0,83,33,9.13,scattered clouds
474,Fez,MA,34.0372,-4.9998,61.05,63,0,1.14,clear sky
475,Manokwari,ID,-0.8667,134.0833,84.47,66,43,10.04,scattered clouds
476,Xinyang,CN,32.1228,114.0656,98.87,34,27,14.81,scattered clouds
477,Henties Bay,NA,-22.116,14.2845,55.08,90,5,6.06,clear sky
478,Taltal,CL,-25.4,-70.4833,58.33,73,15,2.51,few clouds
479,Kiboga,UG,0.9161,31.7742,62.8,90,85,0.67,overcast clouds
480,Kokopo,PG,-4.352,152.2633,85.23,60,8,5.64,clear sky
481,Ornskoldsvik,SE,63.2909,18.7153,43.75,100,100,3.44,mist
482,Zarand,IR,30.8127,56.564,71.64,16,0,1.16,clear sky
483,Mlonggo,ID,-6.5333,110.7,88.92,57,74,5.53,broken clouds
484,Udalguri,IN,26.7667,92.1333,83.5,71,100,4.23,overcast clouds
485,Tanete,ID,-3.9443,119.7848,90.54,55,100,7.76,overcast clouds
486,Vila Franca Do Campo,PT,37.7167,-25.4333,73.2,82,95,11.68,overcast clouds
487,Petushki,RU,55.9264,39.461,50.54,93,68,9.1,broken clouds
488,Lata,PT,40.1629,-8.3327,53.08,54,34,4.03,scattered clouds
489,Kabo,CF,7.6994,18.629,70.18,95,100,2.19,overcast clouds
490,Tura,IN,25.5198,90.2201,75.47,96,100,2.17,light rain
491,Kruisfontein,ZA,-34.0033,24.7314,53.22,88,28,4.61,scattered clouds
492,Laguna,US,38.421,-121.4238,70.77,77,0,9.22,clear sky
493,Betanzos,ES,43.2804,-8.2147,61.45,89,20,2.3,fog
494,Kitimat,CA,54.0524,-128.6534,57.58,24,100,1.01,overcast clouds
495,Adre,TD,13.4667,22.2,73.11,67,6,4.25,clear sky
496,Husavik,IS,66.0449,-17.3389,44.82,94,100,6.08,overcast clouds
497,Elko,US,41.0002,-115.5012,53.64,37,21,5.01,few clouds
498,Talaya,RU,61.3833,152.75,25.2,79,100,6.35,overcast clouds
499,Killybegs,IE,54.6333,-8.45,54.57,74,73,13.67,broken clouds
500,Kralendijk,BQ,12.15,-68.2667,84.18,84,20,12.66,few clouds
501,Lima,PE,-12.0432,-77.0282,59.9,84,100,14.97,overcast clouds
502,Alto Araguaia,BR,-17.3147,-53.2153,76.59,58,88,7.31,overcast clouds
503,Cacu,BR,-18.5567,-51.1308,75.87,63,35,3.44,scattered clouds
504,Kathmandu,NP,27.7167,85.3167,75.42,73,40,2.3,scattered clouds
505,Kirkwall,GB,58.9848,-2.9587,51.96,87,40,19.57,scattered clouds
506,Mogadishu,SO,2.0371,45.3438,78.67,78,40,12.66,scattered clouds
507,Morondava,MG,-20.2833,44.2833,73.56,74,0,2.84,clear sky
508,Buckeye,US,33.3703,-112.5838,88.77,39,8,4.81,clear sky
509,Phan Thiet,VN,10.9333,108.1,85.93,64,100,4.74,overcast clouds
510,Kyra,RU,49.5776,111.9753,35.85,30,100,14.65,overcast clouds
511,Bitung,ID,1.4451,125.1824,85.05,74,94,6.17,moderate rain
512,Sampit,ID,-2.5333,112.95,89.22,62,77,1.74,broken clouds
513,Povenets,RU,62.8487,34.8262,38.91,92,80,4.74,broken clouds
514,Oranjemund,NA,-28.55,16.4333,53.42,95,1,3.6,clear sky
515,Vikhorevka,RU,56.1201,101.1636,29.79,82,100,11.25,light snow
516,Port Shepstone,ZA,-30.7414,30.455,66.45,84,100,3.51,overcast clouds
517,Bowen,AU,-20.0167,148.2333,77.47,57,60,10.02,broken clouds
518,Ishigaki,JP,24.3448,124.1572,87.93,70,20,11.5,few clouds
519,Adrar,MR,20.5022,-10.0711,77.05,25,1,8.57,clear sky
520,Grindavik,IS,63.8424,-22.4338,46.87,93,100,29.93,light intensity drizzle
521,Yenagoa,NG,4.9247,6.2642,73.92,96,100,0.54,moderate rain
522,Torrington,US,41.8007,-73.1212,58.44,61,100,5.01,overcast clouds
523,Dudinka,RU,69.4058,86.1778,27.63,82,100,7.78,overcast clouds
524,Avera,US,33.194,-82.5271,67.51,77,28,7.2,scattered clouds
525,Bandarbeyla,SO,9.4942,50.8122,77.77,76,78,23.22,broken clouds
526,Maldonado,UY,-34.6667,-54.9167,53.22,86,99,3.58,overcast clouds
527,Touros,BR,-5.1989,-35.4608,75.78,81,13,15.03,few clouds
528,San Juan,AR,-31.5375,-68.5364,69.46,36,0,2.64,clear sky
529,Georgiyevskoye,RU,58.731,45.024,54.48,98,100,7.29,overcast clouds
530,Kyshtovka,RU,56.555,76.6271,36.63,51,10,1.52,clear sky
531,Okha,RU,53.5739,142.9478,49.62,47,93,11.16,overcast clouds
532,Skibbereen,IE,51.55,-9.2667,54.1,88,100,5.82,overcast clouds
533,Kaduqli,SD,11.0167,29.7167,71.8,85,4,2.44,clear sky
534,Namibe,AO,-15.1961,12.1522,62.96,92,24,1.72,few clouds
535,Santa Maria Del Oro,MX,25.9333,-105.3667,62.83,74,95,6.13,overcast clouds
536,Santa Vitoria,BR,-18.8386,-50.1214,75.65,63,12,6.35,few clouds
537,Norsup,VU,-16.0667,167.3833,83.03,66,20,2.1,few clouds
538,Tondano,ID,1.3038,124.9112,77.09,70,79,3.6,broken clouds
539,Lixourion,GR,38.2019,20.4314,70.03,70,22,19.84,few clouds
540,Rocha,UY,-34.4833,-54.3333,48.52,90,83,2.89,broken clouds
541,Oleksandrivka,UA,48.9634,32.2349,60.67,93,100,7.65,moderate rain
542,Yar-Sale,RU,66.8333,70.8333,32.86,98,100,15.5,light snow
543,Sergiyevsk,RU,53.9413,51.165,53.04,60,100,10.87,overcast clouds
544,Hermagor,AT,46.6272,13.3672,50.56,94,17,3.56,few clouds
545,Antsohihy,MG,-14.8796,47.9875,70.79,54,5,8.19,clear sky
546,Batsfjord,NO,70.6345,29.7185,35.53,93,75,3.44,broken clouds
547,Bac Lieu,VN,9.285,105.7244,82.71,75,100,5.28,overcast clouds
548,Pangai,TO,-19.8,-174.35,78.91,65,40,16.11,scattered clouds
549,Carsamba,TR,41.1989,36.7219,64.78,52,21,6.2,few clouds
550,Teguise,ES,29.0605,-13.564,66.42,83,20,4.61,few clouds
551,Fare,PF,-16.7,-151.0167,78.57,68,65,12.3,broken clouds
552,Zyryanka,RU,65.75,150.85,30.97,66,100,7.92,overcast clouds
553,Pasinler,TR,39.9803,41.6764,36.59,52,4,2.04,clear sky
554,Luanda,AO,-8.8368,13.2343,71.6,94,75,6.91,broken clouds
555,Acajutla,SV,13.5928,-89.8275,77.88,87,100,9.26,light rain
556,Murray Bridge,AU,-35.1167,139.2667,77.34,33,77,4.79,broken clouds
557,Waipawa,NZ,-41.4122,175.5153,48.22,98,100,11.52,overcast clouds
558,Gwadar,PK,25.1216,62.3254,80.2,75,8,6.44,clear sky
559,Bamiantong,CN,44.9333,130.5333,74.39,53,4,9.93,clear sky
560,Aleksandrov Gay,RU,50.147,48.5704,60.35,81,57,6.46,broken clouds
561,Codrington,AU,-38.2667,141.9667,60.04,70,74,9.62,broken clouds
562,Hambantota,LK,6.1241,81.1185,86.34,70,40,16.11,scattered clouds
563,Prince Rupert,CA,54.3161,-130.3201,53.69,100,100,10.36,overcast clouds
564,Pisco,PE,-13.7,-76.2167,60.85,82,0,9.22,clear sky
565,The Valley,AI,18.217,-63.0578,82.09,80,100,14.65,overcast clouds
566,Salalah,OM,17.0151,54.0924,78.78,80,77,6.38,broken clouds
567,Ballina,AU,-28.8667,153.5667,62.02,85,100,9.6,overcast clouds
568,Gualaceo,EC,-2.9,-78.7833,58.66,95,46,3.8,scattered clouds
569,Mayo,US,38.8876,-76.5119,62.94,95,100,5.01,light rain
570,Karlskoga,SE,59.3267,14.5239,49.32,94,100,4.07,light rain
571,Panama City,PA,8.9936,-79.5197,76.95,91,20,2.3,few clouds
572,Beyneu,KZ,45.3167,55.2,56.98,41,51,17.36,broken clouds
573,Safranbolu,TR,41.2508,32.6942,61.61,60,67,2.24,broken clouds
574,Bari,IT,41.1177,16.8512,62.87,66,0,6.91,clear sky
575,Nishihara,JP,26.1842,127.7558,87.08,62,40,11.5,scattered clouds
576,Dauphin,CA,51.1494,-100.0502,41.14,81,0,0.0,clear sky
577,Xuddur,SO,4.1213,43.8894,71.17,67,29,13.85,scattered clouds
578,Altyn-Topkan,TJ,40.6528,69.5998,46.87,28,12,1.34,few clouds
579,Forrest City,US,35.0081,-90.7898,58.89,31,0,8.93,clear sky
580,Santarem,BR,-2.4431,-54.7083,74.17,81,33,0.09,scattered clouds
581,Yatou,CN,37.15,122.3833,71.4,98,100,21.81,overcast clouds
582,Las Cruces,US,32.3123,-106.7783,75.96,36,75,4.61,broken clouds
583,Sheregesh,RU,52.9209,87.9869,32.11,68,52,3.06,broken clouds
584,Sakaiminato,JP,35.55,133.2333,80.53,57,75,9.22,broken clouds
585,Thinadhoo,MV,0.5333,72.9333,81.91,75,65,15.19,broken clouds
586,Liuzhou,CN,24.3126,109.3892,88.59,58,27,5.14,scattered clouds
587,Fortuna,US,40.5982,-124.1573,58.66,87,67,1.97,broken clouds
588,Civita Castellana,IT,42.2952,12.4092,62.8,83,0,1.61,clear sky
589,Kalisz,PL,51.7611,18.091,52.5,80,100,15.73,overcast clouds
590,Barra Do Garcas,BR,-15.89,-52.2567,76.77,60,84,4.16,broken clouds
591,Zhigansk,RU,66.7697,123.3711,28.06,65,60,2.46,broken clouds
592,Lasa,IT,46.6166,10.7002,46.36,98,78,7.05,broken clouds
593,Aberfeldy,GB,56.62,-3.8645,48.49,77,95,9.06,overcast clouds
594,Itarema,BR,-2.9248,-39.9167,77.67,84,59,16.91,broken clouds
595,Junction City,US,39.0286,-96.8314,64.4,54,4,3.0,clear sky
596,Ambilobe,MG,-13.2,49.05,71.37,55,0,5.28,clear sky
597,Karratha,AU,-20.7377,116.8463,84.2,37,0,16.17,clear sky
598,Ontario,US,34.0633,-117.6509,70.86,79,0,11.5,clear sky
599,Varzea Da Palma,BR,-17.5981,-44.7308,74.66,60,39,2.57,scattered clouds
600,Hohhot,CN,40.8106,111.6522,71.89,56,0,2.24,clear sky
601,Tongren,CN,27.7172,109.1853,92.44,44,33,8.95,scattered clouds
602,Palu,ID,-0.8917,119.8707,89.91,62,65,3.71,broken clouds
603,Puerto Madero,MX,14.7208,-92.4215,78.3,83,97,4.56,overcast clouds
604,Khambhat,IN,22.3,72.6167,83.93,65,0,6.78,clear sky
605,Chumikan,RU,54.7183,135.315,44.13,65,100,7.14,overcast clouds
606,Zaykovo,RU,57.5613,62.7568,37.92,72,72,7.94,broken clouds
607,Sisimiut,GL,66.9395,-53.6735,31.42,87,94,6.91,overcast clouds
608,Wahiawa,US,21.5028,-158.0236,80.76,74,45,6.91,scattered clouds
609,Mundo Nuevo,MX,18.7,-95.5,76.33,73,15,5.61,few clouds
610,Beira,MZ,-19.8436,34.8389,68.09,100,20,5.99,few clouds
611,Urumqi,CN,43.801,87.6005,34.75,70,0,6.71,clear sky
612,Villa Carlos Paz,AR,-31.4241,-64.4978,60.39,68,0,3.0,clear sky
613,Yulara,AU,-25.2406,130.9889,75.81,48,82,12.55,broken clouds
614,Iznik,TR,40.4286,29.7211,80.98,43,100,6.4,light rain
615,Preston,GB,53.7667,-2.7167,55.85,88,45,6.82,scattered clouds
616,Namatanai,PG,-3.6667,152.4333,85.73,63,10,7.2,clear sky
617,Vigrestad,NO,58.5667,5.7,51.48,77,36,5.75,light rain
618,Ardakan,IR,32.31,54.0175,72.09,39,0,10.78,clear sky
619,Kirkenes,NO,69.7271,30.0458,39.42,93,100,9.22,overcast clouds
620,Coari,BR,-4.085,-63.1414,72.1,96,100,1.48,overcast clouds
621,Chulym,RU,55.0997,80.9572,37.4,60,17,2.13,few clouds
622,Ratnagiri,IN,16.9833,73.3,79.99,83,51,4.0,broken clouds
623,Vari,GR,37.8312,23.8081,78.85,61,0,8.99,clear sky
624,Shingu,JP,33.7333,135.9833,78.19,63,17,4.83,few clouds
625,Khani,GE,41.9563,42.9566,49.57,61,19,6.24,few clouds
626,Talcahuano,CL,-36.7167,-73.1167,53.28,94,100,10.36,overcast clouds
627,San Joaquin,US,37.9333,-121.3011,69.51,73,74,5.55,broken clouds
628,Asfi,MA,32.2994,-9.2372,70.16,70,39,6.06,scattered clouds
629,Valparaiso,CL,-33.0393,-71.6273,56.48,94,100,6.91,haze
630,Nalut,LY,30.3333,10.85,71.44,82,2,21.34,clear sky
631,Coron,PH,11.9986,120.2043,87.46,62,99,4.45,overcast clouds
632,Buraydah,SA,26.326,43.975,66.65,16,0,2.48,clear sky
633,Wichian Buri,TH,15.6578,101.106,80.37,84,100,2.06,light rain
634,Havre,FR,49.5833,0.3333,65.19,100,100,9.22,light rain
635,Leh,IN,34.1667,77.5833,47.05,44,22,5.55,few clouds
636,Abeche,TD,13.8292,20.8324,78.17,57,9,6.8,clear sky
637,Agadez,NE,19.75,10.25,85.64,26,22,9.75,few clouds
638,Hwange,ZW,-18.3693,26.5019,68.45,34,0,2.39,clear sky
639,Matagami,CA,49.7502,-77.6328,33.91,93,0,6.91,clear sky
640,Winnemucca,US,40.973,-117.7357,59.88,32,2,2.59,clear sky
641,Alikalia,SL,9.1667,-11.4,68.27,99,100,2.04,light rain
642,Sibolga,ID,1.7427,98.7792,78.69,88,100,2.13,overcast clouds
643,Luebo,CD,-5.35,21.4167,68.92,99,98,1.95,overcast clouds
644,Arman,RU,59.7,150.1667,43.02,42,17,4.9,few clouds
645,Tocopilla,CL,-22.092,-70.1979,60.78,63,3,3.22,clear sky
646,Crystal Beach,CA,42.8699,-79.0583,59.56,77,99,17.27,overcast clouds
647,Bandar-E Lengeh,IR,26.5579,54.8807,82.51,78,1,4.61,haze
648,Atasu,KZ,48.6814,71.6433,38.07,39,0,12.03,clear sky
649,Matelandia,BR,-25.2408,-53.9964,59.23,97,0,3.13,clear sky
650,Tokur,RU,53.1333,132.9,34.34,97,100,5.41,light snow
651,Erzin,TR,36.9559,36.2,73.13,53,0,2.26,clear sky
652,Kysyl-Syr,RU,63.8986,122.7617,30.65,58,97,4.32,overcast clouds
653,Alihe,CN,50.5667,123.7167,46.65,54,100,9.51,overcast clouds
654,Keti Bandar,PK,24.1447,67.4497,83.77,59,99,12.17,overcast clouds
655,Gorom-Gorom,BF,14.4439,-0.2361,82.04,62,70,8.88,broken clouds
656,Galle,LK,6.0367,80.217,82.63,77,92,19.28,overcast clouds
657,Tripoli,LY,32.8752,13.1875,75.67,65,1,14.88,clear sky
658,Mezen,RU,65.8522,44.24,39.6,97,97,4.25,overcast clouds
659,Kristianstad,SE,56.0313,14.1524,51.94,95,40,8.05,scattered clouds
660,Kaoma,ZM,-14.7833,24.8,61.47,43,3,5.99,clear sky
661,San Cristobal,VE,7.7669,-72.225,68.18,90,46,1.88,scattered clouds
662,Berekum,GH,7.4534,-2.584,69.85,98,96,4.83,overcast clouds
663,Anloga,GH,5.7947,0.8973,76.62,88,94,8.01,light rain
664,Aklavik,CA,68.2191,-135.0107,30.2,94,100,14.29,overcast clouds
665,Metkovic,HR,43.0542,17.6483,54.07,88,0,2.93,clear sky
666,Taksimo,RU,56.3444,114.8794,32.07,44,100,12.33,overcast clouds
667,Jiuquan,CN,39.7432,98.5174,44.02,16,100,8.16,overcast clouds
668,Mantua,IT,45.1667,10.7833,54.64,88,13,3.6,few clouds
669,Jasper,US,37.2001,-94.3502,61.02,55,58,9.37,broken clouds
670,Montelimar,FR,44.5584,4.7509,60.75,92,19,5.06,few clouds
671,Jardim,BR,-21.4803,-56.1381,68.4,90,1,2.21,clear sky
672,Tabas,IR,33.5959,56.9244,76.82,20,0,1.41,clear sky
673,Sinnamary,GF,5.3833,-52.95,77.95,90,39,6.62,scattered clouds
674,Matara,LK,5.9485,80.5353,82.29,80,94,15.77,overcast clouds
675,Deerfield Beach,US,26.3184,-80.0998,81.01,82,91,6.53,overcast clouds
676,La Reforma,MX,25.0833,-108.05,80.67,70,1,1.39,clear sky
677,Isla Mujeres,MX,21.2311,-86.731,75.16,76,99,6.46,overcast clouds
678,Mancora,PE,-4.1078,-81.0475,69.03,75,13,7.27,few clouds
679,Magadi,IN,12.9667,77.2333,73.56,80,100,9.82,overcast clouds
680,Chipinge,ZW,-20.1883,32.6236,59.85,56,0,2.75,clear sky
681,Marsa Matruh,EG,31.3525,27.2453,75.4,78,0,8.05,clear sky
682,Cayenne,GF,4.9333,-52.3333,75.24,94,0,1.14,clear sky
683,Pakdasht,IR,35.4752,51.6807,68.0,33,0,3.49,clear sky
684,Mokhotlong,LS,-29.2894,29.0675,52.21,23,30,2.04,scattered clouds
685,Najran,SA,17.4924,44.1277,65.05,38,5,4.03,clear sky
686,Zeya,RU,53.75,127.2667,39.58,97,100,1.54,overcast clouds
687,Yelizovo,RU,53.1873,158.3805,50.14,49,75,18.01,broken clouds
688,Chiang Klang,TH,19.2938,100.8617,76.19,98,100,1.14,overcast clouds
689,Port-Gentil,GA,-0.7193,8.7815,77.0,85,89,11.18,light rain
690,Abu Kamal,SY,34.4506,40.9171,75.25,22,0,10.25,clear sky
691,Magadan,RU,59.5667,150.8,42.53,44,18,3.65,few clouds
692,Mizdah,LY,31.4451,12.9801,67.95,80,5,6.93,clear sky
693,Shenzhen,CN,22.5455,114.0683,90.14,68,35,12.03,scattered clouds
694,High Level,CA,58.5169,-117.136,68.02,39,80,9.37,broken clouds
695,George Town,MY,5.4112,100.3354,85.95,74,20,6.91,few clouds
696,Lovington,US,32.944,-103.3485,68.04,38,4,1.01,clear sky
697,Ulladulla,AU,-35.35,150.4667,60.35,57,26,8.79,scattered clouds
698,Kuminskiy,RU,58.6667,66.5667,33.69,56,22,8.95,few clouds
699,Portland,US,45.5234,-122.6762,75.09,59,0,7.0,clear sky
700,Tessalit,ML,20.1986,1.0114,79.25,53,91,1.48,overcast clouds
701,Dunmore Town,BS,25.5,-76.65,82.49,74,2,9.01,clear sky
702,Tarakan,ID,3.3,117.6333,80.1,89,40,3.44,scattered clouds
703,Quirinopolis,BR,-18.4483,-50.4517,75.97,61,27,5.32,scattered clouds
704,Port Augusta,AU,-32.5,137.7667,79.43,21,100,1.81,overcast clouds
705,Sumbe,AO,-11.2061,13.8437,71.78,90,65,7.14,broken clouds
706,Acarau,BR,-2.8856,-40.12,77.72,84,51,17.11,broken clouds
707,Zhongshu,CN,24.5167,103.7667,70.12,77,99,4.34,overcast clouds
708,Tiznit,MA,29.5833,-9.5,69.42,42,1,1.99,clear sky
709,Derzhavinsk,KZ,51.1,66.3167,35.91,39,3,8.86,clear sky
710,Council Bluffs,US,41.2619,-95.8608,66.76,52,0,4.61,clear sky
